insert into public.jams (
  id,
  rank,
  name,
  pitch,
  icon,
  accent_color,
  monthly_revenue,
  lifetime_revenue,
  active_users,
  build_streak,
  growth,
  tags,
  verified,
  category,
  founder_name,
  founder_handle,
  founder_avatar,
  tech_stack,
  problem,
  solution,
  pricing,
  is_for_sale,
  asking_price,
  profit_margin,
  is_anonymous,
  boost_tier
) values
(
  '11111111-1111-4111-8111-111111111111',
  '01',
  'Luminal AI',
  'Next-gen cognitive architecture for designers.',
  '✨',
  '124, 58, 237',
  124500,
  1200000,
  14202,
  14,
  24,
  array['AI', 'Productivity'],
  true,
  'AI',
  'Alex Rivera',
  '@arivera',
  'https://api.dicebear.com/7.x/avataaars/svg?seed=Alex',
  array['React', 'PyTorch', 'Stripe', 'Supabase'],
  'Designers spend 40% of their time on repetitive spatial layout tasks that lack creative value.',
  'Luminal uses localized LLMs to predict layout intentions, reducing manual iterations by 80%.',
  'Free / $29 mo',
  false,
  null,
  null,
  false,
  null
),
(
  '22222222-2222-4222-8222-222222222222',
  '02',
  'Zenith CRM',
  'Precision pipeline management for boutique firms.',
  '📐',
  '14, 165, 233',
  89000,
  850000,
  8402,
  45,
  12,
  array['SaaS', 'Sales'],
  true,
  'SaaS',
  'Sarah Chen',
  '@schen',
  'https://api.dicebear.com/7.x/avataaars/svg?seed=Sarah',
  array['Next.js', 'PostgreSQL', 'Stripe', 'Redis'],
  'Enterprise CRMs are too bloated for small boutique consulting firms that need speed.',
  'A high-performance terminal interface for sales pipelines with zero-lag data entry.',
  '$49 mo / seat',
  true,
  '$850k',
  72,
  false,
  'Pro'
),
(
  '33333333-3333-4333-8333-333333333333',
  '03',
  'EtherFlow',
  'Zero-latency transaction visualizer.',
  '🌊',
  '168, 85, 247',
  67200,
  420000,
  2402,
  7,
  45,
  array['Crypto', 'Tooling'],
  true,
  'Crypto',
  'Marcus Thorne',
  '@mthorne',
  'https://api.dicebear.com/7.x/avataaars/svg?seed=Marcus',
  array['Rust', 'WebAssembly', 'Ether.js', 'Vercel'],
  'Chain explorers are difficult to read and delayed, making real-time trading stressful.',
  'A native-feel visual dashboard that renders transaction flows in under 100ms.',
  'Usage-based',
  true,
  '$420k',
  63,
  false,
  'Elite'
),
(
  '44444444-4444-4444-8444-444444444444',
  '04',
  'Onyx Ledger',
  'Automated tax compliance for creators.',
  '💎',
  '236, 72, 153',
  54000,
  310000,
  4500,
  12,
  8,
  array['SaaS', 'Finance'],
  true,
  'SaaS',
  'Elena Vance',
  '@evance',
  'https://api.dicebear.com/7.x/avataaars/svg?seed=Elena',
  array['Vue', 'Drizzle', 'Plaid', 'AWS'],
  'Solopreneurs overpay an average of $4k in taxes due to missed categorization.',
  'AI-driven expense matching that connects directly to banking APIs for instant filing.',
  '$19 mo / $199 yr',
  false,
  null,
  null,
  false,
  null
)
on conflict (id) do nothing;

insert into public.jam_revenue_history (jam_id, period_label, revenue, sort_order)
values
('11111111-1111-4111-8111-111111111111', 'Jan', 30000, 0),
('11111111-1111-4111-8111-111111111111', 'Feb', 35000, 1),
('11111111-1111-4111-8111-111111111111', 'Mar', 42000, 2),
('11111111-1111-4111-8111-111111111111', 'Apr', 38000, 3),
('11111111-1111-4111-8111-111111111111', 'May', 52000, 4),
('11111111-1111-4111-8111-111111111111', 'Jun', 64000, 5),
('11111111-1111-4111-8111-111111111111', 'Jul', 78000, 6),
('11111111-1111-4111-8111-111111111111', 'Aug', 124500, 7),
('22222222-2222-4222-8222-222222222222', 'Jan', 21000, 0),
('22222222-2222-4222-8222-222222222222', 'Feb', 24500, 1),
('22222222-2222-4222-8222-222222222222', 'Mar', 29400, 2),
('22222222-2222-4222-8222-222222222222', 'Apr', 26600, 3),
('22222222-2222-4222-8222-222222222222', 'May', 36400, 4),
('22222222-2222-4222-8222-222222222222', 'Jun', 44800, 5),
('22222222-2222-4222-8222-222222222222', 'Jul', 54600, 6),
('22222222-2222-4222-8222-222222222222', 'Aug', 87150, 7),
('33333333-3333-4333-8333-333333333333', 'Jan', 15000, 0),
('33333333-3333-4333-8333-333333333333', 'Feb', 17500, 1),
('33333333-3333-4333-8333-333333333333', 'Mar', 21000, 2),
('33333333-3333-4333-8333-333333333333', 'Apr', 19000, 3),
('33333333-3333-4333-8333-333333333333', 'May', 26000, 4),
('33333333-3333-4333-8333-333333333333', 'Jun', 32000, 5),
('33333333-3333-4333-8333-333333333333', 'Jul', 39000, 6),
('33333333-3333-4333-8333-333333333333', 'Aug', 62250, 7),
('44444444-4444-4444-8444-444444444444', 'Jan', 12000, 0),
('44444444-4444-4444-8444-444444444444', 'Feb', 14000, 1),
('44444444-4444-4444-8444-444444444444', 'Mar', 16800, 2),
('44444444-4444-4444-8444-444444444444', 'Apr', 15200, 3),
('44444444-4444-4444-8444-444444444444', 'May', 20800, 4),
('44444444-4444-4444-8444-444444444444', 'Jun', 25600, 5),
('44444444-4444-4444-8444-444444444444', 'Jul', 31200, 6),
('44444444-4444-4444-8444-444444444444', 'Aug', 49800, 7)
on conflict do nothing;

insert into public.notifications (id, title, message, type, timestamp_label, is_read, jam_id)
values
('aaaaaaaa-aaaa-4aaa-8aaa-aaaaaaaaaaaa', 'Growth Alert', 'Your wishlisted app Luminal AI grew by 15% this week.', 'wishlist', '2 hours ago', false, '11111111-1111-4111-8111-111111111111'),
('bbbbbbbb-bbbb-4bbb-8bbb-bbbbbbbbbbbb', 'New Offer Received', 'An investor has placed a private bid on Zenith CRM.', 'offer', '5 hours ago', false, '22222222-2222-4222-8222-222222222222'),
('cccccccc-cccc-4ccc-8ccc-cccccccccccc', 'Canvas v2.4 Live', 'New Aurora Crystal Bento layouts are now available for all Pro users.', 'update', '1 day ago', true, null),
('dddddddd-dddd-4ddd-8ddd-dddddddddddd', 'System Notice', 'Verified revenue data for your portfolio has been refreshed.', 'system', '2 days ago', true, null)
on conflict (id) do nothing;
